Software Version,3.11.19,,,,,,,,,,,,,,,,,,,,,,,,,,,,,,,,,,,,,,,,,,,,,,,,,,,,,,,,,,,,,,,,,,,,,,,,,,,,,,,,,,,,,,,,,,,,,,,,,
,,,,,,,,,,,,,,,,,,,,,,,,,,,,,,,,,,,,,,,,,,,,,,,,,,,,,,,,,,,,,,,,,,,,,,,,,,,,,,,,,,,,,,,,,,,,,,,,,,
Experiment File Path:,C:\Users\Public\Documents\Experiments\2021-11-03 Emma Growth Curves Assay.xpt,,,,,,,,,,,,,,,,,,,,,,,,,,,,,,,,,,,,,,,,,,,,,,,,,,,,,,,,,,,,,,,,,,,,,,,,,,,,,,,,,,,,,,,,,,,,,,,,,
Protocol File Path:,C:\Users\Public\Documents\Protocols\OD600 Overnight.prt,,,,,,,,,,,,,,,,,,,,,,,,,,,,,,,,,,,,,,,,,,,,,,,,,,,,,,,,,,,,,,,,,,,,,,,,,,,,,,,,,,,,,,,,,,,,,,,,,
Plate Number,Plate 1,,,,,,,,,,,,,,,,,,,,,,,,,,,,,,,,,,,,,,,,,,,,,,,,,,,,,,,,,,,,,,,,,,,,,,,,,,,,,,,,,,,,,,,,,,,,,,,,,
Date,11/3/2021,,,,,,,,,,,,,,,,,,,,,,,,,,,,,,,,,,,,,,,,,,,,,,,,,,,,,,,,,,,,,,,,,,,,,,,,,,,,,,,,,,,,,,,,,,,,,,,,,
Time,1:16:28 PM,,,,,,,,,,,,,,,,,,,,,,,,,,,,,,,,,,,,,,,,,,,,,,,,,,,,,,,,,,,,,,,,,,,,,,,,,,,,,,,,,,,,,,,,,,,,,,,,,
Reader Type:,Epoch 2,,,,,,,,,,,,,,,,,,,,,,,,,,,,,,,,,,,,,,,,,,,,,,,,,,,,,,,,,,,,,,,,,,,,,,,,,,,,,,,,,,,,,,,,,,,,,,,,,
Reader Serial Number:,2105176,,,,,,,,,,,,,,,,,,,,,,,,,,,,,,,,,,,,,,,,,,,,,,,,,,,,,,,,,,,,,,,,,,,,,,,,,,,,,,,,,,,,,,,,,,,,,,,,,
Reading Type,Reader,,,,,,,,,,,,,,,,,,,,,,,,,,,,,,,,,,,,,,,,,,,,,,,,,,,,,,,,,,,,,,,,,,,,,,,,,,,,,,,,,,,,,,,,,,,,,,,,,
,,,,,,,,,,,,,,,,,,,,,,,,,,,,,,,,,,,,,,,,,,,,,,,,,,,,,,,,,,,,,,,,,,,,,,,,,,,,,,,,,,,,,,,,,,,,,,,,,,
Procedure Details,,,,,,,,,,,,,,,,,,,,,,,,,,,,,,,,,,,,,,,,,,,,,,,,,,,,,,,,,,,,,,,,,,,,,,,,,,,,,,,,,,,,,,,,,,,,,,,,,,
Plate Type,Falcon 96 flat bottom clear (Use plate lid),,,,,,,,,,,,,,,,,,,,,,,,,,,,,,,,,,,,,,,,,,,,,,,,,,,,,,,,,,,,,,,,,,,,,,,,,,,,,,,,,,,,,,,,,,,,,,,,,
Set Temperature,"Setpoint 28°C, Gradient 1 °C",,,,,,,,,,,,,,,,,,,,,,,,,,,,,,,,,,,,,,,,,,,,,,,,,,,,,,,,,,,,,,,,,,,,,,,,,,,,,,,,,,,,,,,,,,,,,,,,,
,Preheat before moving to next step,,,,,,,,,,,,,,,,,,,,,,,,,,,,,,,,,,,,,,,,,,,,,,,,,,,,,,,,,,,,,,,,,,,,,,,,,,,,,,,,,,,,,,,,,,,,,,,,,
Start Kinetic,"Runtime 24:00:00 (HH:MM:SS), Interval 0:15:00, 97 Reads",,,,,,,,,,,,,,,,,,,,,,,,,,,,,,,,,,,,,,,,,,,,,,,,,,,,,,,,,,,,,,,,,,,,,,,,,,,,,,,,,,,,,,,,,,,,,,,,,
    Shake,Orbital: Continuous,,,,,,,,,,,,,,,,,,,,,,,,,,,,,,,,,,,,,,,,,,,,,,,,,,,,,,,,,,,,,,,,,,,,,,,,,,,,,,,,,,,,,,,,,,,,,,,,,
,Frequency: 282 cpm (3 mm),,,,,,,,,,,,,,,,,,,,,,,,,,,,,,,,,,,,,,,,,,,,,,,,,,,,,,,,,,,,,,,,,,,,,,,,,,,,,,,,,,,,,,,,,,,,,,,,,
    Read,Absorbance Endpoint,,,,,,,,,,,,,,,,,,,,,,,,,,,,,,,,,,,,,,,,,,,,,,,,,,,,,,,,,,,,,,,,,,,,,,,,,,,,,,,,,,,,,,,,,,,,,,,,,
,Full Plate,,,,,,,,,,,,,,,,,,,,,,,,,,,,,,,,,,,,,,,,,,,,,,,,,,,,,,,,,,,,,,,,,,,,,,,,,,,,,,,,,,,,,,,,,,,,,,,,,
,Wavelengths:  600,,,,,,,,,,,,,,,,,,,,,,,,,,,,,,,,,,,,,,,,,,,,,,,,,,,,,,,,,,,,,,,,,,,,,,,,,,,,,,,,,,,,,,,,,,,,,,,,,
,"Read Speed: Normal,  Delay: 100 msec,  Measurements/Data Point: 8",,,,,,,,,,,,,,,,,,,,,,,,,,,,,,,,,,,,,,,,,,,,,,,,,,,,,,,,,,,,,,,,,,,,,,,,,,,,,,,,,,,,,,,,,,,,,,,,,
End Kinetic,,,,,,,,,,,,,,,,,,,,,,,,,,,,,,,,,,,,,,,,,,,,,,,,,,,,,,,,,,,,,,,,,,,,,,,,,,,,,,,,,,,,,,,,,,,,,,,,,,
Set Temperature,"Setpoint 28°C, Gradient 0 °C",,,,,,,,,,,,,,,,,,,,,,,,,,,,,,,,,,,,,,,,,,,,,,,,,,,,,,,,,,,,,,,,,,,,,,,,,,,,,,,,,,,,,,,,,,,,,,,,,
,Preheat before moving to next step,,,,,,,,,,,,,,,,,,,,,,,,,,,,,,,,,,,,,,,,,,,,,,,,,,,,,,,,,,,,,,,,,,,,,,,,,,,,,,,,,,,,,,,,,,,,,,,,,
,,,,,,,,,,,,,,,,,,,,,,,,,,,,,,,,,,,,,,,,,,,,,,,,,,,,,,,,,,,,,,,,,,,,,,,,,,,,,,,,,,,,,,,,,,,,,,,,,,
600,,,,,,,,,,,,,,,,,,,,,,,,,,,,,,,,,,,,,,,,,,,,,,,,,,,,,,,,,,,,,,,,,,,,,,,,,,,,,,,,,,,,,,,,,,,,,,,,,,
,,,,,,,,,,,,,,,,,,,,,,,,,,,,,,,,,,,,,,,,,,,,,,,,,,,,,,,,,,,,,,,,,,,,,,,,,,,,,,,,,,,,,,,,,,,,,,,,,,
,Time,T° 600,A1,A2,A3,A4,A5,A6,A7,A8,A9,A10,A11,A12,B1,B2,B3,B4,B5,B6,B7,B8,B9,B10,B11,B12,C1,C2,C3,C4,C5,C6,C7,C8,C9,C10,C11,C12,D1,D2,D3,D4,D5,D6,D7,D8,D9,D10,D11,D12,E1,E2,E3,E4,E5,E6,E7,E8,E9,E10,E11,E12,F1,F2,F3,F4,F5,F6,F7,F8,F9,F10,F11,F12,G1,G2,G3,G4,G5,G6,G7,G8,G9,G10,G11,G12,H1,H2,H3,H4,H5,H6,H7,H8,H9,H10,H11,H12
,0:14:16,28.1,0.086,0.085,0.086,0.087,0.086,0.085,0.085,0.085,0.086,0.087,0.088,0.087,0.086,0.206,0.21,0.209,0.213,0.211,0.215,0.207,0.204,0.222,0.213,0.085,0.086,0.217,0.237,0.227,0.235,0.223,0.244,0.231,0.232,0.239,0.228,0.086,0.085,0.215,0.212,0.245,0.214,0.215,0.214,0.205,0.228,0.213,0.22,0.087,0.085,0.229,0.224,0.241,0.254,0.211,0.213,0.221,0.235,0.202,0.205,0.088,0.085,0.212,0.225,0.221,0.084,0.085,0.087,0.197,0.224,0.076,0.089,0.088,0.085,0.218,0.227,0.223,0.087,0.087,0.086,0.213,0.216,0.087,0.085,0.088,0.086,0.085,0.088,0.086,0.086,0.086,0.086,0.086,0.087,0.087,0.086,0.088
,0:29:16,28.1,0.086,0.085,0.086,0.087,0.086,0.085,0.085,0.085,0.086,0.087,0.088,0.087,0.086,0.218,0.216,0.212,0.21,0.216,0.215,0.212,0.205,0.221,0.217,0.085,0.086,0.227,0.235,0.236,0.237,0.242,0.249,0.222,0.234,0.251,0.242,0.086,0.085,0.232,0.212,0.255,0.212,0.22,0.22,0.221,0.23,0.202,0.209,0.087,0.085,0.219,0.214,0.233,0.25,0.187,0.206,0.224,0.229,0.216,0.198,0.088,0.085,0.215,0.212,0.216,0.084,0.085,0.087,0.215,0.221,0.076,0.089,0.088,0.085,0.222,0.218,0.218,0.087,0.086,0.086,0.219,0.22,0.087,0.085,0.088,0.086,0.085,0.088,0.086,0.086,0.086,0.086,0.086,0.087,0.087,0.086,0.088
,0:44:16,28.1,0.086,0.085,0.086,0.087,0.086,0.085,0.085,0.085,0.086,0.087,0.088,0.087,0.086,0.214,0.218,0.213,0.231,0.223,0.223,0.224,0.197,0.218,0.217,0.085,0.086,0.244,0.253,0.24,0.245,0.27,0.287,0.24,0.242,0.251,0.254,0.086,0.085,0.259,0.244,0.277,0.233,0.235,0.23,0.248,0.24,0.218,0.221,0.087,0.085,0.239,0.25,0.255,0.286,0.232,0.227,0.225,0.236,0.217,0.194,0.088,0.085,0.219,0.231,0.226,0.084,0.085,0.087,0.214,0.226,0.076,0.089,0.088,0.085,0.215,0.235,0.225,0.087,0.087,0.086,0.221,0.215,0.087,0.085,0.088,0.086,0.085,0.088,0.086,0.086,0.086,0.086,0.086,0.087,0.087,0.086,0.088
,0:59:16,28.1,0.086,0.085,0.086,0.087,0.086,0.085,0.085,0.085,0.086,0.087,0.088,0.087,0.086,0.199,0.206,0.22,0.23,0.213,0.224,0.22,0.207,0.225,0.217,0.085,0.086,0.238,0.254,0.243,0.262,0.264,0.296,0.241,0.247,0.26,0.254,0.086,0.085,0.253,0.251,0.257,0.229,0.224,0.229,0.246,0.239,0.224,0.227,0.087,0.085,0.243,0.251,0.253,0.291,0.234,0.222,0.229,0.241,0.221,0.2,0.088,0.085,0.233,0.235,0.235,0.084,0.085,0.087,0.221,0.23,0.076,0.088,0.088,0.085,0.213,0.232,0.213,0.087,0.087,0.086,0.214,0.215,0.087,0.085,0.088,0.086,0.085,0.088,0.086,0.086,0.086,0.086,0.086,0.087,0.087,0.086,0.088
,1:14:16,28.1,0.086,0.085,0.086,0.087,0.086,0.085,0.085,0.085,0.086,0.087,0.088,0.087,0.086,0.21,0.204,0.212,0.226,0.219,0.224,0.21,0.208,0.232,0.222,0.085,0.086,0.236,0.253,0.246,0.271,0.273,0.306,0.246,0.258,0.26,0.267,0.086,0.085,0.278,0.255,0.278,0.232,0.233,0.231,0.245,0.259,0.234,0.237,0.087,0.085,0.246,0.26,0.262,0.275,0.229,0.223,0.235,0.238,0.225,0.206,0.088,0.085,0.245,0.241,0.243,0.084,0.085,0.087,0.23,0.238,0.077,0.089,0.088,0.085,0.213,0.232,0.23,0.087,0.087,0.086,0.2,0.225,0.087,0.085,0.088,0.086,0.085,0.088,0.086,0.086,0.086,0.086,0.086,0.087,0.087,0.086,0.088
,1:29:16,28.1,0.086,0.085,0.086,0.087,0.086,0.085,0.085,0.085,0.086,0.088,0.088,0.087,0.086,0.2,0.205,0.21,0.231,0.228,0.231,0.207,0.21,0.228,0.224,0.085,0.086,0.237,0.264,0.247,0.275,0.275,0.29,0.247,0.257,0.273,0.263,0.086,0.085,0.268,0.274,0.273,0.237,0.231,0.24,0.253,0.271,0.236,0.229,0.087,0.085,0.24,0.26,0.264,0.276,0.231,0.225,0.238,0.239,0.228,0.21,0.088,0.085,0.25,0.247,0.248,0.084,0.085,0.087,0.241,0.25,0.077,0.089,0.088,0.085,0.222,0.232,0.226,0.087,0.087,0.086,0.211,0.223,0.087,0.085,0.088,0.086,0.085,0.088,0.086,0.086,0.086,0.086,0.086,0.087,0.087,0.086,0.088
,1:44:16,28.1,0.086,0.085,0.086,0.087,0.086,0.085,0.085,0.085,0.086,0.087,0.088,0.087,0.086,0.211,0.215,0.213,0.244,0.242,0.242,0.219,0.214,0.242,0.236,0.085,0.086,0.248,0.27,0.261,0.295,0.304,0.319,0.254,0.273,0.286,0.296,0.086,0.085,0.278,0.291,0.28,0.253,0.251,0.254,0.277,0.286,0.261,0.237,0.087,0.085,0.258,0.276,0.272,0.287,0.247,0.249,0.249,0.262,0.243,0.229,0.088,0.085,0.257,0.266,0.26,0.084,0.085,0.087,0.256,0.266,0.077,0.089,0.088,0.085,0.221,0.223,0.237,0.087,0.086,0.086,0.217,0.237,0.087,0.085,0.088,0.086,0.085,0.088,0.086,0.086,0.086,0.086,0.086,0.087,0.087,0.086,0.088
,1:59:16,28.1,0.086,0.085,0.086,0.087,0.086,0.085,0.085,0.085,0.086,0.087,0.088,0.087,0.086,0.208,0.222,0.223,0.255,0.249,0.255,0.227,0.226,0.258,0.248,0.085,0.086,0.251,0.279,0.262,0.316,0.325,0.328,0.263,0.28,0.313,0.301,0.086,0.085,0.278,0.31,0.299,0.264,0.26,0.267,0.301,0.291,0.269,0.249,0.087,0.085,0.274,0.288,0.291,0.296,0.26,0.258,0.268,0.283,0.258,0.234,0.088,0.085,0.267,0.277,0.275,0.084,0.085,0.087,0.273,0.288,0.077,0.088,0.088,0.085,0.226,0.245,0.233,0.087,0.087,0.086,0.217,0.251,0.087,0.085,0.088,0.086,0.085,0.088,0.086,0.086,0.086,0.086,0.086,0.087,0.087,0.086,0.088
,2:14:16,28.1,0.086,0.085,0.086,0.087,0.086,0.085,0.085,0.085,0.086,0.087,0.088,0.087,0.086,0.222,0.237,0.233,0.272,0.268,0.274,0.235,0.245,0.274,0.273,0.085,0.086,0.266,0.283,0.273,0.339,0.339,0.351,0.277,0.29,0.328,0.326,0.086,0.086,0.289,0.314,0.3,0.272,0.279,0.281,0.304,0.315,0.283,0.269,0.087,0.085,0.281,0.306,0.31,0.315,0.275,0.276,0.287,0.293,0.269,0.267,0.088,0.085,0.277,0.3,0.29,0.084,0.085,0.087,0.296,0.311,0.077,0.088,0.088,0.085,0.23,0.258,0.257,0.087,0.087,0.086,0.242,0.261,0.087,0.085,0.088,0.086,0.086,0.088,0.086,0.086,0.086,0.086,0.086,0.087,0.087,0.086,0.088
,2:29:16,28.1,0.086,0.085,0.086,0.087,0.086,0.085,0.085,0.085,0.086,0.087,0.088,0.087,0.086,0.24,0.258,0.257,0.291,0.291,0.299,0.264,0.259,0.309,0.286,0.085,0.086,0.269,0.299,0.274,0.362,0.373,0.371,0.288,0.299,0.369,0.336,0.086,0.085,0.284,0.334,0.305,0.296,0.297,0.302,0.325,0.337,0.313,0.294,0.087,0.085,0.308,0.328,0.338,0.327,0.291,0.294,0.308,0.325,0.288,0.281,0.088,0.085,0.296,0.329,0.313,0.084,0.085,0.087,0.319,0.329,0.077,0.088,0.088,0.085,0.248,0.275,0.263,0.087,0.087,0.086,0.256,0.285,0.087,0.085,0.088,0.086,0.085,0.088,0.086,0.086,0.086,0.086,0.086,0.087,0.087,0.086,0.088
,2:44:16,28.1,0.086,0.085,0.086,0.087,0.086,0.085,0.085,0.085,0.086,0.087,0.088,0.087,0.086,0.276,0.297,0.295,0.319,0.317,0.329,0.282,0.279,0.334,0.324,0.085,0.086,0.278,0.308,0.295,0.387,0.394,0.379,0.308,0.321,0.383,0.36,0.087,0.086,0.31,0.327,0.313,0.319,0.327,0.318,0.349,0.358,0.326,0.317,0.087,0.085,0.324,0.352,0.357,0.346,0.315,0.311,0.34,0.351,0.313,0.304,0.088,0.085,0.311,0.348,0.328,0.084,0.085,0.087,0.349,0.357,0.077,0.089,0.088,0.085,0.273,0.3,0.292,0.087,0.087,0.086,0.29,0.305,0.087,0.085,0.088,0.086,0.085,0.088,0.086,0.086,0.086,0.086,0.086,0.087,0.087,0.086,0.088
,2:59:15,28.1,0.085,0.085,0.086,0.087,0.086,0.085,0.085,0.085,0.086,0.087,0.088,0.087,0.086,0.287,0.31,0.317,0.336,0.342,0.347,0.317,0.305,0.349,0.344,0.085,0.086,0.284,0.318,0.3,0.401,0.397,0.413,0.324,0.331,0.405,0.384,0.086,0.085,0.336,0.353,0.322,0.345,0.35,0.344,0.356,0.377,0.344,0.343,0.087,0.085,0.343,0.371,0.38,0.364,0.343,0.343,0.356,0.373,0.334,0.328,0.088,0.085,0.336,0.371,0.341,0.084,0.085,0.087,0.354,0.367,0.077,0.088,0.088,0.085,0.292,0.327,0.31,0.086,0.086,0.086,0.319,0.319,0.087,0.085,0.087,0.086,0.085,0.087,0.086,0.086,0.086,0.086,0.086,0.087,0.087,0.086,0.088
,3:14:16,28.1,0.086,0.085,0.086,0.087,0.086,0.085,0.085,0.085,0.086,0.088,0.088,0.087,0.086,0.327,0.337,0.339,0.363,0.362,0.366,0.355,0.342,0.383,0.376,0.085,0.086,0.311,0.34,0.342,0.43,0.438,0.44,0.34,0.354,0.434,0.403,0.086,0.085,0.336,0.369,0.351,0.377,0.379,0.366,0.362,0.398,0.382,0.373,0.087,0.085,0.371,0.4,0.401,0.396,0.365,0.369,0.389,0.405,0.361,0.37,0.088,0.085,0.36,0.39,0.384,0.084,0.085,0.088,0.376,0.39,0.077,0.088,0.088,0.085,0.323,0.344,0.341,0.087,0.087,0.086,0.351,0.332,0.087,0.085,0.088,0.086,0.085,0.088,0.086,0.086,0.086,0.086,0.086,0.087,0.087,0.086,0.088
,3:29:16,28.1,0.086,0.085,0.086,0.087,0.086,0.085,0.085,0.085,0.086,0.087,0.088,0.087,0.086,0.365,0.379,0.382,0.392,0.397,0.406,0.389,0.375,0.426,0.415,0.085,0.086,0.335,0.369,0.373,0.444,0.462,0.468,0.365,0.391,0.45,0.434,0.086,0.085,0.373,0.373,0.377,0.396,0.412,0.397,0.387,0.41,0.422,0.419,0.087,0.085,0.404,0.431,0.433,0.436,0.406,0.408,0.42,0.421,0.397,0.404,0.088,0.085,0.387,0.418,0.401,0.084,0.085,0.087,0.41,0.42,0.077,0.088,0.088,0.085,0.346,0.373,0.376,0.087,0.087,0.086,0.381,0.362,0.087,0.085,0.088,0.086,0.085,0.088,0.087,0.086,0.086,0.086,0.086,0.087,0.087,0.086,0.088
,3:44:16,28,0.086,0.085,0.086,0.087,0.086,0.085,0.085,0.085,0.086,0.088,0.088,0.087,0.086,0.397,0.418,0.422,0.418,0.428,0.442,0.412,0.404,0.454,0.435,0.085,0.086,0.339,0.378,0.365,0.468,0.484,0.48,0.377,0.387,0.476,0.452,0.086,0.085,0.366,0.406,0.405,0.429,0.432,0.436,0.396,0.425,0.443,0.448,0.087,0.085,0.436,0.453,0.444,0.466,0.438,0.436,0.454,0.464,0.434,0.455,0.088,0.085,0.402,0.44,0.435,0.084,0.085,0.087,0.445,0.462,0.077,0.089,0.088,0.085,0.378,0.407,0.4,0.087,0.086,0.086,0.409,0.412,0.087,0.085,0.088,0.086,0.085,0.088,0.086,0.086,0.086,0.086,0.086,0.087,0.087,0.086,0.088
,3:59:16,28,0.086,0.085,0.086,0.087,0.086,0.085,0.085,0.085,0.086,0.087,0.088,0.087,0.086,0.441,0.456,0.461,0.457,0.462,0.473,0.446,0.449,0.493,0.473,0.085,0.086,0.365,0.393,0.373,0.483,0.507,0.508,0.403,0.417,0.487,0.483,0.086,0.085,0.371,0.41,0.418,0.472,0.47,0.472,0.414,0.435,0.486,0.487,0.087,0.085,0.473,0.487,0.487,0.507,0.479,0.477,0.486,0.482,0.471,0.491,0.088,0.085,0.436,0.464,0.471,0.084,0.085,0.087,0.476,0.489,0.077,0.088,0.088,0.085,0.414,0.447,0.439,0.087,0.086,0.086,0.432,0.44,0.087,0.085,0.088,0.086,0.085,0.088,0.086,0.086,0.086,0.086,0.086,0.087,0.087,0.086,0.088
,4:14:16,28.1,0.086,0.085,0.086,0.087,0.086,0.085,0.085,0.085,0.086,0.088,0.088,0.087,0.086,0.504,0.5,0.507,0.506,0.502,0.517,0.484,0.491,0.535,0.515,0.085,0.086,0.38,0.415,0.389,0.49,0.536,0.527,0.422,0.44,0.515,0.491,0.087,0.086,0.404,0.407,0.391,0.505,0.504,0.496,0.421,0.445,0.493,0.511,0.087,0.085,0.488,0.516,0.519,0.542,0.525,0.522,0.502,0.51,0.507,0.528,0.088,0.085,0.472,0.486,0.493,0.084,0.085,0.088,0.496,0.506,0.077,0.089,0.088,0.085,0.46,0.49,0.494,0.087,0.087,0.086,0.481,0.484,0.087,0.085,0.088,0.086,0.086,0.088,0.087,0.086,0.086,0.086,0.086,0.087,0.087,0.086,0.088
,4:29:16,28,0.086,0.085,0.086,0.087,0.086,0.085,0.086,0.085,0.086,0.088,0.088,0.087,0.086,0.528,0.544,0.526,0.55,0.549,0.562,0.528,0.537,0.569,0.551,0.085,0.086,0.395,0.438,0.417,0.513,0.537,0.546,0.435,0.442,0.532,0.496,0.086,0.086,0.431,0.417,0.432,0.527,0.545,0.528,0.418,0.444,0.532,0.537,0.087,0.085,0.519,0.536,0.544,0.574,0.548,0.553,0.526,0.541,0.552,0.577,0.088,0.085,0.502,0.518,0.531,0.084,0.085,0.088,0.518,0.531,0.077,0.089,0.088,0.085,0.506,0.537,0.524,0.087,0.087,0.086,0.516,0.52,0.087,0.085,0.088,0.086,0.085,0.088,0.087,0.087,0.086,0.086,0.086,0.087,0.087,0.086,0.088
,4:44:16,28.1,0.086,0.085,0.086,0.087,0.086,0.085,0.085,0.085,0.086,0.088,0.088,0.087,0.086,0.587,0.576,0.603,0.577,0.593,0.599,0.575,0.589,0.619,0.598,0.085,0.086,0.426,0.446,0.435,0.524,0.556,0.554,0.449,0.488,0.547,0.522,0.086,0.086,0.457,0.444,0.461,0.548,0.562,0.551,0.451,0.473,0.557,0.588,0.087,0.085,0.537,0.555,0.549,0.617,0.587,0.585,0.551,0.558,0.597,0.607,0.088,0.085,0.514,0.532,0.527,0.084,0.085,0.088,0.54,0.555,0.077,0.088,0.088,0.085,0.553,0.583,0.573,0.087,0.087,0.086,0.561,0.568,0.087,0.085,0.088,0.086,0.085,0.088,0.086,0.086,0.086,0.086,0.086,0.087,0.087,0.086,0.088
,4:59:16,28.1,0.086,0.085,0.086,0.087,0.086,0.085,0.085,0.085,0.086,0.088,0.088,0.087,0.086,0.621,0.622,0.659,0.614,0.628,0.634,0.632,0.652,0.649,0.63,0.085,0.086,0.437,0.469,0.454,0.536,0.568,0.572,0.466,0.496,0.558,0.532,0.086,0.086,0.449,0.456,0.472,0.557,0.576,0.578,0.456,0.492,0.586,0.588,0.087,0.085,0.556,0.57,0.564,0.646,0.611,0.615,0.577,0.591,0.637,0.647,0.088,0.085,0.528,0.546,0.556,0.084,0.085,0.087,0.561,0.577,0.077,0.088,0.088,0.085,0.594,0.624,0.615,0.087,0.087,0.086,0.6,0.605,0.087,0.085,0.088,0.086,0.085,0.088,0.086,0.086,0.086,0.086,0.086,0.087,0.087,0.086,0.088
,5:14:16,28,0.086,0.085,0.086,0.087,0.086,0.085,0.085,0.085,0.086,0.088,0.088,0.087,0.086,0.646,0.626,0.677,0.647,0.661,0.655,0.676,0.698,0.683,0.656,0.085,0.086,0.47,0.484,0.479,0.563,0.593,0.582,0.493,0.511,0.582,0.552,0.086,0.085,0.466,0.464,0.484,0.594,0.607,0.605,0.469,0.496,0.608,0.611,0.087,0.085,0.584,0.599,0.594,0.68,0.653,0.656,0.597,0.605,0.673,0.682,0.088,0.085,0.555,0.567,0.579,0.084,0.085,0.088,0.578,0.592,0.077,0.088,0.088,0.085,0.639,0.662,0.66,0.087,0.087,0.086,0.649,0.651,0.087,0.085,0.088,0.086,0.085,0.088,0.086,0.086,0.086,0.086,0.086,0.087,0.087,0.086,0.088
,5:29:16,28,0.086,0.085,0.086,0.087,0.086,0.085,0.085,0.085,0.086,0.087,0.088,0.087,0.086,0.65,0.626,0.696,0.673,0.681,0.671,0.734,0.749,0.707,0.684,0.085,0.086,0.486,0.513,0.495,0.57,0.6,0.601,0.51,0.531,0.598,0.566,0.086,0.085,0.47,0.492,0.473,0.619,0.636,0.622,0.487,0.504,0.618,0.631,0.087,0.085,0.598,0.623,0.625,0.71,0.681,0.689,0.605,0.618,0.714,0.718,0.088,0.085,0.584,0.589,0.605,0.084,0.085,0.087,0.597,0.601,0.077,0.089,0.088,0.085,0.67,0.69,0.693,0.087,0.087,0.086,0.68,0.688,0.087,0.085,0.088,0.086,0.085,0.088,0.086,0.086,0.086,0.086,0.086,0.087,0.087,0.086,0.088
,5:44:16,28.1,0.086,0.085,0.086,0.087,0.086,0.085,0.085,0.085,0.086,0.088,0.088,0.087,0.086,0.633,0.575,0.688,0.683,0.703,0.68,0.755,0.781,0.732,0.706,0.085,0.086,0.507,0.519,0.506,0.577,0.62,0.629,0.528,0.54,0.617,0.579,0.086,0.085,0.478,0.496,0.503,0.64,0.645,0.642,0.498,0.531,0.636,0.654,0.087,0.085,0.611,0.633,0.634,0.737,0.706,0.712,0.623,0.626,0.749,0.745,0.088,0.085,0.604,0.6,0.613,0.084,0.085,0.088,0.61,0.618,0.077,0.088,0.088,0.085,0.702,0.715,0.724,0.087,0.087,0.086,0.719,0.718,0.087,0.085,0.088,0.086,0.085,0.088,0.086,0.086,0.086,0.086,0.086,0.087,0.087,0.086,0.088
,5:59:16,28,0.086,0.085,0.086,0.087,0.086,0.085,0.086,0.085,0.086,0.088,0.088,0.087,0.086,0.61,0.532,0.667,0.687,0.725,0.691,0.783,0.803,0.749,0.729,0.085,0.086,0.514,0.534,0.537,0.588,0.634,0.617,0.545,0.567,0.628,0.595,0.086,0.086,0.514,0.509,0.527,0.649,0.663,0.651,0.509,0.515,0.647,0.652,0.087,0.085,0.627,0.642,0.642,0.759,0.728,0.731,0.637,0.634,0.766,0.765,0.088,0.085,0.605,0.61,0.627,0.084,0.085,0.088,0.627,0.644,0.077,0.089,0.088,0.085,0.719,0.733,0.744,0.087,0.087,0.086,0.744,0.744,0.087,0.085,0.088,0.086,0.085,0.088,0.086,0.086,0.086,0.086,0.086,0.087,0.087,0.086,0.088
,6:14:16,28.1,0.086,0.085,0.086,0.087,0.086,0.085,0.085,0.085,0.086,0.087,0.088,0.087,0.086,0.564,0.495,0.624,0.685,0.74,0.687,0.814,0.835,0.767,0.752,0.085,0.086,0.536,0.558,0.553,0.59,0.645,0.635,0.561,0.589,0.636,0.607,0.086,0.085,0.506,0.517,0.536,0.67,0.675,0.671,0.515,0.564,0.686,0.682,0.087,0.085,0.643,0.66,0.657,0.79,0.752,0.744,0.658,0.666,0.792,0.786,0.088,0.085,0.619,0.625,0.644,0.084,0.085,0.088,0.636,0.655,0.078,0.088,0.088,0.085,0.735,0.746,0.76,0.087,0.087,0.086,0.773,0.766,0.087,0.085,0.088,0.086,0.085,0.088,0.086,0.086,0.086,0.086,0.086,0.087,0.087,0.086,0.088
,6:29:16,28,0.086,0.085,0.086,0.087,0.086,0.085,0.085,0.085,0.086,0.088,0.088,0.087,0.086,0.525,0.456,0.58,0.681,0.738,0.677,0.836,0.864,0.782,0.773,0.085,0.086,0.554,0.564,0.563,0.619,0.656,0.655,0.579,0.587,0.643,0.609,0.086,0.085,0.53,0.536,0.54,0.683,0.696,0.681,0.537,0.553,0.677,0.684,0.087,0.085,0.653,0.679,0.673,0.813,0.779,0.77,0.663,0.684,0.822,0.801,0.088,0.085,0.637,0.64,0.657,0.084,0.085,0.088,0.649,0.659,0.078,0.088,0.088,0.085,0.741,0.744,0.764,0.087,0.087,0.086,0.791,0.793,0.087,0.085,0.088,0.086,0.085,0.088,0.086,0.086,0.086,0.086,0.086,0.087,0.087,0.086,0.088
,6:44:16,28.1,0.086,0.085,0.086,0.087,0.086,0.085,0.085,0.085,0.086,0.087,0.088,0.087,0.086,0.481,0.421,0.558,0.666,0.731,0.667,0.849,0.885,0.803,0.793,0.085,0.086,0.562,0.578,0.571,0.626,0.673,0.653,0.597,0.611,0.673,0.625,0.086,0.085,0.538,0.532,0.554,0.692,0.702,0.688,0.542,0.556,0.697,0.695,0.087,0.085,0.656,0.695,0.69,0.835,0.798,0.788,0.684,0.688,0.838,0.82,0.088,0.085,0.651,0.648,0.664,0.084,0.085,0.087,0.665,0.671,0.078,0.088,0.088,0.085,0.74,0.74,0.76,0.087,0.086,0.086,0.809,0.81,0.087,0.085,0.088,0.086,0.085,0.087,0.086,0.086,0.086,0.086,0.086,0.087,0.087,0.086,0.088
,6:59:16,28.1,0.086,0.085,0.086,0.087,0.086,0.085,0.085,0.085,0.086,0.087,0.088,0.087,0.086,0.442,0.39,0.531,0.658,0.73,0.655,0.857,0.892,0.816,0.808,0.085,0.086,0.576,0.594,0.592,0.644,0.676,0.662,0.604,0.617,0.668,0.633,0.086,0.085,0.555,0.564,0.562,0.694,0.723,0.697,0.566,0.568,0.717,0.713,0.087,0.085,0.672,0.704,0.698,0.847,0.814,0.812,0.693,0.708,0.847,0.846,0.088,0.085,0.665,0.663,0.68,0.084,0.085,0.088,0.679,0.689,0.078,0.088,0.088,0.085,0.738,0.733,0.754,0.087,0.086,0.086,0.827,0.831,0.087,0.085,0.088,0.086,0.085,0.088,0.086,0.086,0.086,0.086,0.086,0.087,0.087,0.086,0.088
,7:14:16,28,0.086,0.085,0.086,0.087,0.086,0.085,0.085,0.085,0.086,0.088,0.088,0.087,0.086,0.404,0.374,0.507,0.637,0.721,0.637,0.881,0.918,0.83,0.832,0.085,0.086,0.586,0.601,0.599,0.652,0.661,0.674,0.604,0.608,0.674,0.648,0.086,0.085,0.563,0.561,0.566,0.692,0.73,0.711,0.564,0.577,0.719,0.724,0.087,0.085,0.668,0.711,0.711,0.857,0.828,0.828,0.698,0.705,0.862,0.863,0.088,0.085,0.667,0.667,0.69,0.084,0.085,0.088,0.686,0.69,0.078,0.088,0.088,0.085,0.721,0.721,0.742,0.087,0.087,0.086,0.838,0.845,0.087,0.085,0.088,0.086,0.085,0.088,0.086,0.086,0.086,0.086,0.086,0.087,0.087,0.086,0.088
,7:29:16,28.1,0.086,0.085,0.086,0.087,0.086,0.085,0.085,0.085,0.086,0.087,0.088,0.087,0.086,0.357,0.355,0.479,0.613,0.705,0.613,0.892,0.932,0.846,0.833,0.085,0.086,0.589,0.602,0.61,0.639,0.686,0.656,0.614,0.618,0.686,0.65,0.086,0.085,0.597,0.572,0.596,0.686,0.729,0.7,0.576,0.586,0.741,0.735,0.087,0.085,0.668,0.715,0.716,0.871,0.831,0.829,0.71,0.714,0.873,0.872,0.088,0.085,0.667,0.67,0.691,0.084,0.085,0.088,0.692,0.703,0.078,0.088,0.088,0.085,0.706,0.698,0.725,0.086,0.087,0.086,0.85,0.853,0.087,0.085,0.088,0.086,0.085,0.088,0.086,0.086,0.086,0.086,0.086,0.087,0.087,0.086,0.088
,7:44:16,28.1,0.086,0.085,0.086,0.087,0.086,0.085,0.085,0.085,0.086,0.088,0.088,0.087,0.086,0.317,0.344,0.443,0.591,0.692,0.589,0.898,0.928,0.856,0.856,0.085,0.086,0.608,0.618,0.607,0.657,0.691,0.679,0.624,0.635,0.702,0.663,0.086,0.085,0.577,0.585,0.603,0.692,0.745,0.695,0.595,0.593,0.742,0.744,0.087,0.085,0.669,0.723,0.719,0.877,0.852,0.841,0.713,0.733,0.881,0.89,0.088,0.085,0.677,0.675,0.708,0.084,0.085,0.088,0.701,0.709,0.078,0.089,0.088,0.085,0.704,0.69,0.712,0.087,0.087,0.086,0.862,0.869,0.087,0.085,0.088,0.086,0.085,0.088,0.086,0.086,0.086,0.086,0.086,0.087,0.087,0.086,0.088
,7:59:16,28.1,0.086,0.085,0.086,0.087,0.086,0.085,0.085,0.085,0.086,0.088,0.088,0.087,0.086,0.271,0.318,0.417,0.568,0.673,0.561,0.911,0.947,0.865,0.862,0.085,0.086,0.623,0.623,0.63,0.675,0.692,0.678,0.64,0.646,0.692,0.672,0.087,0.085,0.606,0.586,0.601,0.691,0.759,0.693,0.606,0.607,0.766,0.756,0.087,0.085,0.665,0.727,0.729,0.893,0.862,0.86,0.742,0.746,0.898,0.903,0.088,0.085,0.677,0.681,0.719,0.084,0.085,0.088,0.713,0.72,0.078,0.089,0.088,0.085,0.692,0.67,0.702,0.087,0.087,0.086,0.878,0.883,0.087,0.085,0.088,0.086,0.085,0.088,0.087,0.086,0.086,0.086,0.086,0.087,0.087,0.086,0.088
,8:14:16,28.1,0.086,0.085,0.086,0.087,0.086,0.085,0.085,0.085,0.086,0.088,0.088,0.087,0.086,0.244,0.286,0.405,0.542,0.657,0.532,0.922,0.953,0.881,0.873,0.085,0.086,0.632,0.646,0.624,0.678,0.707,0.693,0.649,0.657,0.715,0.673,0.086,0.085,0.606,0.603,0.606,0.683,0.772,0.682,0.601,0.62,0.771,0.767,0.087,0.085,0.654,0.744,0.738,0.904,0.874,0.87,0.738,0.751,0.902,0.917,0.088,0.085,0.679,0.674,0.727,0.084,0.085,0.088,0.723,0.737,0.078,0.088,0.088,0.085,0.673,0.657,0.688,0.087,0.087,0.086,0.883,0.888,0.087,0.085,0.088,0.086,0.085,0.088,0.086,0.086,0.086,0.086,0.086,0.087,0.087,0.086,0.088
,8:29:16,28.1,0.086,0.085,0.086,0.087,0.086,0.085,0.085,0.085,0.086,0.087,0.088,0.087,0.086,0.229,0.258,0.387,0.518,0.636,0.503,0.933,0.965,0.899,0.89,0.085,0.086,0.631,0.635,0.623,0.686,0.715,0.707,0.655,0.667,0.72,0.681,0.087,0.085,0.61,0.597,0.628,0.669,0.766,0.669,0.617,0.633,0.776,0.781,0.087,0.085,0.637,0.735,0.734,0.915,0.882,0.876,0.749,0.757,0.914,0.929,0.088,0.085,0.675,0.665,0.729,0.084,0.085,0.088,0.735,0.743,0.079,0.088,0.088,0.085,0.658,0.633,0.665,0.087,0.087,0.086,0.899,0.903,0.087,0.085,0.088,0.086,0.085,0.088,0.086,0.086,0.086,0.086,0.086,0.087,0.087,0.086,0.088
,8:44:16,28.1,0.086,0.085,0.086,0.087,0.086,0.085,0.085,0.085,0.086,0.088,0.088,0.087,0.086,0.22,0.227,0.361,0.489,0.605,0.475,0.944,0.981,0.916,0.903,0.085,0.086,0.627,0.628,0.624,0.698,0.719,0.704,0.665,0.669,0.732,0.681,0.086,0.085,0.618,0.612,0.635,0.668,0.786,0.662,0.625,0.627,0.8,0.791,0.087,0.085,0.624,0.742,0.744,0.922,0.897,0.889,0.757,0.76,0.932,0.945,0.088,0.085,0.669,0.667,0.744,0.084,0.085,0.088,0.74,0.748,0.078,0.088,0.088,0.085,0.645,0.602,0.645,0.087,0.087,0.086,0.917,0.919,0.087,0.085,0.088,0.086,0.085,0.088,0.086,0.086,0.086,0.086,0.086,0.087,0.087,0.086,0.088
,8:59:16,28.1,0.086,0.085,0.086,0.087,0.086,0.085,0.085,0.085,0.086,0.088,0.088,0.087,0.086,0.208,0.207,0.331,0.47,0.581,0.457,0.964,0.99,0.927,0.92,0.085,0.086,0.642,0.621,0.609,0.703,0.727,0.704,0.675,0.67,0.721,0.707,0.086,0.085,0.619,0.621,0.639,0.647,0.787,0.65,0.634,0.633,0.803,0.805,0.087,0.085,0.605,0.728,0.735,0.932,0.907,0.895,0.77,0.774,0.932,0.956,0.088,0.085,0.657,0.653,0.754,0.084,0.085,0.088,0.745,0.755,0.079,0.088,0.088,0.085,0.621,0.585,0.621,0.087,0.087,0.086,0.926,0.931,0.087,0.085,0.088,0.086,0.085,0.088,0.086,0.086,0.086,0.086,0.086,0.087,0.087,0.086,0.088
,9:14:16,28.1,0.086,0.085,0.086,0.087,0.086,0.085,0.085,0.085,0.086,0.088,0.088,0.087,0.086,0.198,0.2,0.308,0.462,0.557,0.446,0.957,0.995,0.92,0.913,0.085,0.086,0.65,0.622,0.61,0.705,0.733,0.712,0.683,0.679,0.738,0.705,0.087,0.086,0.629,0.619,0.636,0.629,0.801,0.636,0.635,0.64,0.815,0.802,0.087,0.085,0.604,0.728,0.726,0.947,0.918,0.908,0.768,0.779,0.94,0.96,0.088,0.085,0.647,0.637,0.751,0.084,0.085,0.088,0.749,0.757,0.079,0.088,0.088,0.085,0.601,0.557,0.599,0.087,0.087,0.086,0.929,0.935,0.087,0.085,0.088,0.086,0.085,0.088,0.086,0.086,0.086,0.086,0.086,0.087,0.087,0.086,0.088
,9:29:16,28.1,0.086,0.085,0.086,0.087,0.086,0.085,0.085,0.085,0.086,0.088,0.088,0.087,0.086,0.194,0.197,0.283,0.447,0.539,0.439,0.965,1.002,0.923,0.914,0.085,0.086,0.625,0.603,0.59,0.701,0.742,0.726,0.691,0.682,0.745,0.724,0.086,0.085,0.667,0.618,0.661,0.61,0.799,0.605,0.643,0.648,0.833,0.813,0.087,0.085,0.59,0.711,0.719,0.951,0.921,0.911,0.779,0.78,0.946,0.959,0.088,0.085,0.627,0.618,0.753,0.084,0.085,0.088,0.755,0.769,0.079,0.088,0.088,0.085,0.574,0.544,0.571,0.087,0.087,0.086,0.944,0.948,0.087,0.085,0.088,0.086,0.085,0.088,0.086,0.086,0.086,0.086,0.086,0.087,0.087,0.086,0.088
,9:44:16,28,0.086,0.085,0.086,0.087,0.086,0.085,0.085,0.085,0.086,0.088,0.088,0.087,0.086,0.19,0.193,0.263,0.434,0.502,0.426,0.975,1.009,0.947,0.937,0.085,0.086,0.625,0.593,0.563,0.738,0.746,0.719,0.696,0.697,0.755,0.723,0.086,0.086,0.638,0.641,0.666,0.6,0.81,0.6,0.645,0.657,0.828,0.825,0.087,0.085,0.571,0.713,0.717,0.961,0.93,0.924,0.788,0.788,0.951,0.979,0.088,0.085,0.605,0.607,0.767,0.084,0.085,0.088,0.768,0.774,0.079,0.089,0.088,0.085,0.559,0.513,0.552,0.087,0.087,0.086,0.953,0.955,0.087,0.085,0.088,0.086,0.085,0.088,0.086,0.086,0.086,0.086,0.086,0.087,0.087,0.086,0.088
,9:59:16,28,0.086,0.085,0.086,0.087,0.086,0.085,0.085,0.085,0.086,0.087,0.088,0.087,0.086,0.187,0.189,0.25,0.43,0.488,0.422,0.982,1.014,0.948,0.94,0.085,0.086,0.621,0.59,0.548,0.728,0.774,0.756,0.701,0.702,0.772,0.739,0.086,0.085,0.667,0.646,0.685,0.575,0.815,0.57,0.651,0.685,0.839,0.834,0.087,0.085,0.56,0.7,0.701,0.975,0.936,0.929,0.791,0.799,0.956,0.985,0.088,0.085,0.575,0.587,0.768,0.084,0.085,0.088,0.778,0.781,0.079,0.088,0.088,0.085,0.54,0.51,0.529,0.087,0.087,0.086,0.962,0.958,0.087,0.085,0.088,0.086,0.085,0.088,0.086,0.086,0.086,0.086,0.086,0.087,0.087,0.086,0.088
,10:14:16,28.1,0.086,0.085,0.086,0.087,0.086,0.085,0.085,0.085,0.086,0.087,0.088,0.087,0.086,0.184,0.187,0.242,0.432,0.48,0.423,0.988,1.018,0.958,0.952,0.085,0.086,0.594,0.574,0.533,0.735,0.754,0.758,0.707,0.709,0.76,0.729,0.086,0.085,0.655,0.647,0.682,0.569,0.819,0.56,0.663,0.671,0.843,0.841,0.087,0.085,0.559,0.685,0.689,0.974,0.939,0.928,0.797,0.798,0.962,0.992,0.088,0.085,0.56,0.56,0.777,0.084,0.085,0.088,0.778,0.781,0.079,0.088,0.088,0.085,0.544,0.502,0.512,0.087,0.087,0.086,0.964,0.965,0.087,0.085,0.088,0.086,0.085,0.088,0.086,0.086,0.086,0.086,0.086,0.087,0.087,0.086,0.088
,10:29:16,28.1,0.086,0.085,0.086,0.087,0.086,0.085,0.085,0.085,0.086,0.088,0.088,0.087,0.086,0.181,0.184,0.235,0.43,0.464,0.431,0.988,1.022,0.957,0.948,0.085,0.086,0.591,0.556,0.505,0.748,0.761,0.759,0.716,0.704,0.757,0.758,0.086,0.085,0.661,0.647,0.678,0.549,0.832,0.538,0.669,0.684,0.854,0.851,0.087,0.085,0.544,0.68,0.683,0.981,0.942,0.938,0.804,0.809,0.973,1.002,0.088,0.085,0.53,0.534,0.782,0.084,0.085,0.088,0.788,0.794,0.079,0.088,0.088,0.085,0.527,0.495,0.496,0.087,0.087,0.086,0.979,0.978,0.087,0.085,0.088,0.086,0.085,0.088,0.086,0.086,0.086,0.086,0.086,0.087,0.087,0.086,0.088
,10:44:16,28.1,0.086,0.085,0.086,0.087,0.086,0.085,0.085,0.085,0.086,0.087,0.088,0.087,0.086,0.18,0.181,0.224,0.431,0.465,0.435,0.993,1.03,0.963,0.956,0.085,0.086,0.573,0.552,0.496,0.742,0.788,0.744,0.72,0.722,0.769,0.772,0.086,0.085,0.665,0.653,0.679,0.555,0.837,0.527,0.675,0.686,0.87,0.859,0.087,0.085,0.556,0.65,0.657,0.993,0.956,0.948,0.813,0.819,0.981,1.01,0.088,0.085,0.522,0.508,0.784,0.084,0.085,0.088,0.788,0.801,0.079,0.088,0.088,0.085,0.516,0.499,0.492,0.087,0.086,0.086,0.98,0.98,0.087,0.085,0.088,0.086,0.085,0.088,0.086,0.086,0.086,0.086,0.086,0.087,0.087,0.086,0.088
,10:59:16,28,0.086,0.085,0.086,0.087,0.086,0.085,0.085,0.085,0.086,0.088,0.088,0.087,0.086,0.177,0.179,0.217,0.427,0.458,0.436,0.99,1.026,0.962,0.951,0.085,0.086,0.55,0.554,0.486,0.751,0.784,0.763,0.723,0.72,0.779,0.758,0.086,0.085,0.668,0.666,0.685,0.539,0.833,0.518,0.679,0.723,0.86,0.862,0.087,0.085,0.542,0.648,0.641,0.996,0.958,0.954,0.808,0.816,0.986,1.018,0.088,0.085,0.494,0.495,0.789,0.084,0.085,0.088,0.796,0.804,0.079,0.088,0.088,0.085,0.5,0.486,0.487,0.087,0.087,0.086,0.983,0.983,0.087,0.085,0.088,0.086,0.085,0.088,0.086,0.086,0.086,0.086,0.086,0.087,0.087,0.086,0.088
,11:14:16,28,0.086,0.085,0.086,0.087,0.086,0.085,0.085,0.085,0.086,0.087,0.088,0.087,0.086,0.175,0.177,0.212,0.436,0.463,0.442,1.001,1.04,0.98,0.97,0.085,0.086,0.523,0.542,0.476,0.762,0.799,0.766,0.738,0.724,0.783,0.774,0.086,0.085,0.689,0.662,0.699,0.545,0.836,0.506,0.694,0.694,0.868,0.871,0.087,0.085,0.546,0.631,0.631,1.001,0.964,0.957,0.817,0.828,1,1.027,0.088,0.085,0.494,0.489,0.798,0.084,0.085,0.088,0.807,0.809,0.079,0.088,0.088,0.085,0.511,0.499,0.482,0.087,0.087,0.086,0.994,0.996,0.087,0.085,0.088,0.086,0.086,0.088,0.086,0.086,0.086,0.086,0.086,0.087,0.087,0.086,0.088
,11:29:16,28.1,0.086,0.085,0.086,0.087,0.086,0.085,0.085,0.085,0.086,0.087,0.088,0.087,0.086,0.173,0.176,0.208,0.428,0.452,0.43,1.01,1.049,0.98,0.971,0.085,0.086,0.501,0.541,0.456,0.774,0.805,0.77,0.733,0.74,0.795,0.794,0.086,0.085,0.701,0.676,0.694,0.538,0.834,0.505,0.695,0.713,0.871,0.879,0.087,0.085,0.531,0.623,0.617,1.003,0.97,0.957,0.824,0.836,1.002,1.035,0.088,0.085,0.463,0.479,0.798,0.084,0.085,0.088,0.811,0.818,0.079,0.088,0.088,0.085,0.511,0.497,0.479,0.087,0.087,0.086,1.007,1.005,0.087,0.085,0.088,0.086,0.085,0.088,0.086,0.086,0.086,0.086,0.086,0.087,0.087,0.086,0.088
,11:44:16,28.1,0.086,0.085,0.086,0.087,0.086,0.085,0.086,0.085,0.086,0.087,0.088,0.087,0.086,0.172,0.175,0.204,0.434,0.463,0.443,1.011,1.047,0.977,0.965,0.085,0.086,0.485,0.535,0.463,0.77,0.794,0.772,0.749,0.734,0.789,0.793,0.086,0.085,0.688,0.674,0.709,0.54,0.838,0.498,0.697,0.709,0.879,0.885,0.087,0.085,0.551,0.611,0.607,1.008,0.973,0.968,0.824,0.835,1.008,1.04,0.088,0.085,0.47,0.477,0.808,0.084,0.085,0.088,0.822,0.824,0.079,0.088,0.088,0.085,0.511,0.508,0.482,0.087,0.087,0.086,1.009,1.013,0.087,0.085,0.088,0.086,0.085,0.088,0.086,0.086,0.086,0.086,0.086,0.087,0.087,0.086,0.088
,11:59:16,28,0.086,0.085,0.086,0.087,0.086,0.085,0.085,0.085,0.086,0.087,0.088,0.087,0.086,0.171,0.173,0.199,0.433,0.469,0.44,1.017,1.048,0.981,0.969,0.085,0.086,0.462,0.535,0.455,0.779,0.804,0.783,0.751,0.746,0.797,0.781,0.086,0.085,0.7,0.678,0.713,0.541,0.829,0.497,0.702,0.726,0.879,0.889,0.087,0.085,0.544,0.617,0.601,1.01,0.977,0.972,0.834,0.839,1.007,1.044,0.088,0.085,0.456,0.475,0.813,0.084,0.085,0.088,0.827,0.828,0.079,0.088,0.088,0.085,0.508,0.496,0.481,0.087,0.087,0.086,1.014,1.016,0.087,0.085,0.088,0.086,0.085,0.087,0.086,0.086,0.086,0.086,0.086,0.087,0.087,0.086,0.088
,12:14:16,28.1,0.086,0.085,0.086,0.087,0.086,0.085,0.085,0.085,0.086,0.087,0.088,0.087,0.086,0.169,0.172,0.195,0.441,0.466,0.444,1.017,1.056,0.978,0.963,0.085,0.086,0.458,0.525,0.464,0.772,0.819,0.78,0.751,0.751,0.796,0.783,0.086,0.085,0.718,0.692,0.702,0.552,0.822,0.51,0.707,0.721,0.892,0.897,0.087,0.085,0.554,0.612,0.585,1.02,0.987,0.977,0.841,0.847,1.014,1.05,0.088,0.085,0.457,0.489,0.812,0.084,0.085,0.088,0.831,0.833,0.079,0.088,0.088,0.085,0.508,0.492,0.487,0.087,0.086,0.086,1.02,1.02,0.087,0.085,0.088,0.086,0.085,0.087,0.086,0.086,0.086,0.086,0.086,0.087,0.087,0.086,0.088
,12:29:16,28,0.086,0.085,0.086,0.087,0.086,0.085,0.085,0.085,0.086,0.088,0.088,0.087,0.086,0.17,0.172,0.192,0.445,0.465,0.433,1.032,1.07,1.003,0.988,0.085,0.086,0.45,0.53,0.458,0.797,0.809,0.782,0.763,0.761,0.791,0.782,0.086,0.086,0.718,0.691,0.727,0.548,0.804,0.506,0.714,0.73,0.901,0.908,0.087,0.085,0.554,0.598,0.592,1.024,0.989,0.977,0.85,0.862,1.02,1.057,0.088,0.085,0.458,0.474,0.824,0.084,0.085,0.088,0.838,0.843,0.079,0.088,0.088,0.085,0.523,0.48,0.481,0.087,0.087,0.086,1.029,1.024,0.087,0.085,0.088,0.086,0.085,0.088,0.086,0.086,0.086,0.086,0.086,0.087,0.087,0.086,0.088
,12:44:16,28.1,0.086,0.085,0.086,0.087,0.086,0.085,0.085,0.085,0.086,0.087,0.088,0.087,0.086,0.167,0.171,0.189,0.438,0.467,0.429,1.029,1.065,0.998,0.98,0.085,0.086,0.442,0.521,0.454,0.794,0.813,0.789,0.759,0.762,0.796,0.801,0.086,0.085,0.727,0.702,0.727,0.542,0.804,0.521,0.715,0.742,0.897,0.913,0.087,0.085,0.556,0.605,0.583,1.028,0.995,0.986,0.85,0.856,1.026,1.058,0.088,0.085,0.445,0.484,0.82,0.084,0.085,0.088,0.837,0.84,0.079,0.088,0.088,0.085,0.508,0.502,0.493,0.087,0.087,0.086,1.026,1.026,0.087,0.085,0.088,0.086,0.085,0.088,0.086,0.086,0.086,0.086,0.086,0.087,0.087,0.086,0.088
,12:59:16,28.1,0.086,0.085,0.086,0.087,0.086,0.085,0.085,0.085,0.086,0.087,0.088,0.087,0.086,0.166,0.17,0.187,0.435,0.467,0.433,1.039,1.074,1,0.987,0.085,0.086,0.435,0.531,0.466,0.8,0.817,0.799,0.771,0.767,0.813,0.797,0.086,0.085,0.72,0.702,0.738,0.557,0.791,0.507,0.738,0.736,0.911,0.926,0.087,0.085,0.567,0.613,0.591,1.034,0.996,0.988,0.861,0.868,1.032,1.072,0.088,0.085,0.453,0.49,0.826,0.084,0.085,0.088,0.846,0.852,0.079,0.088,0.088,0.085,0.522,0.497,0.503,0.086,0.087,0.086,1.036,1.037,0.087,0.085,0.088,0.086,0.085,0.088,0.086,0.086,0.086,0.086,0.086,0.087,0.087,0.086,0.088
,13:14:16,28,0.086,0.085,0.086,0.087,0.086,0.085,0.085,0.085,0.086,0.087,0.088,0.087,0.086,0.165,0.17,0.185,0.436,0.47,0.431,1.036,1.063,0.99,0.977,0.085,0.086,0.44,0.523,0.466,0.802,0.82,0.803,0.769,0.768,0.797,0.804,0.086,0.085,0.731,0.71,0.734,0.55,0.786,0.528,0.731,0.768,0.915,0.925,0.087,0.085,0.56,0.608,0.587,1.032,1.004,0.999,0.863,0.87,1.04,1.076,0.088,0.085,0.455,0.493,0.82,0.084,0.085,0.088,0.852,0.854,0.079,0.088,0.088,0.085,0.519,0.497,0.484,0.087,0.087,0.086,1.035,1.038,0.087,0.085,0.088,0.086,0.085,0.088,0.086,0.086,0.086,0.086,0.086,0.087,0.087,0.086,0.088
,13:29:16,28,0.086,0.085,0.086,0.087,0.086,0.085,0.085,0.085,0.086,0.087,0.088,0.087,0.086,0.165,0.17,0.184,0.436,0.454,0.42,1.041,1.065,1.001,0.983,0.085,0.086,0.45,0.535,0.462,0.818,0.831,0.804,0.781,0.777,0.811,0.808,0.086,0.085,0.73,0.721,0.743,0.548,0.766,0.521,0.74,0.744,0.915,0.928,0.087,0.085,0.553,0.611,0.595,1.037,1.01,1,0.862,0.869,1.04,1.079,0.088,0.085,0.462,0.491,0.829,0.084,0.085,0.088,0.859,0.86,0.079,0.088,0.088,0.085,0.521,0.503,0.495,0.087,0.087,0.086,1.04,1.038,0.087,0.085,0.088,0.086,0.085,0.088,0.086,0.086,0.086,0.086,0.086,0.087,0.087,0.086,0.088
,13:44:16,28.1,0.086,0.085,0.086,0.087,0.086,0.085,0.085,0.085,0.086,0.087,0.088,0.087,0.086,0.163,0.17,0.183,0.429,0.464,0.417,1.039,1.077,0.999,0.98,0.085,0.086,0.441,0.541,0.471,0.811,0.834,0.818,0.786,0.779,0.811,0.824,0.086,0.085,0.751,0.721,0.741,0.549,0.754,0.522,0.736,0.761,0.919,0.937,0.087,0.085,0.566,0.625,0.596,1.039,1.011,1.005,0.871,0.875,1.046,1.085,0.088,0.085,0.461,0.501,0.829,0.084,0.085,0.088,0.862,0.863,0.079,0.088,0.088,0.085,0.519,0.503,0.5,0.086,0.086,0.086,1.045,1.045,0.087,0.085,0.087,0.086,0.085,0.087,0.086,0.086,0.086,0.086,0.086,0.087,0.087,0.086,0.088
,13:59:16,28,0.086,0.085,0.086,0.087,0.086,0.085,0.086,0.085,0.086,0.088,0.088,0.087,0.086,0.162,0.169,0.182,0.432,0.464,0.429,1.045,1.072,0.997,0.977,0.085,0.086,0.441,0.539,0.471,0.82,0.847,0.819,0.789,0.791,0.819,0.825,0.086,0.086,0.744,0.732,0.752,0.559,0.743,0.518,0.739,0.758,0.922,0.94,0.087,0.085,0.565,0.629,0.602,1.041,1.018,1.01,0.876,0.885,1.049,1.089,0.088,0.085,0.46,0.503,0.832,0.084,0.085,0.088,0.866,0.869,0.079,0.088,0.088,0.085,0.519,0.51,0.497,0.087,0.087,0.086,1.051,1.051,0.087,0.085,0.088,0.086,0.086,0.088,0.087,0.086,0.086,0.086,0.086,0.087,0.087,0.086,0.088
,14:14:16,28.1,0.085,0.085,0.086,0.087,0.086,0.085,0.085,0.085,0.086,0.087,0.088,0.087,0.086,0.162,0.17,0.182,0.431,0.465,0.423,1.063,1.09,1.009,0.989,0.085,0.086,0.449,0.538,0.47,0.831,0.832,0.817,0.797,0.792,0.827,0.871,0.086,0.085,0.765,0.719,0.764,0.556,0.718,0.519,0.751,0.749,0.933,0.957,0.087,0.085,0.569,0.623,0.61,1.046,1.024,1.013,0.886,0.895,1.06,1.099,0.088,0.085,0.466,0.51,0.837,0.084,0.085,0.088,0.868,0.873,0.079,0.088,0.088,0.085,0.52,0.514,0.51,0.087,0.086,0.086,1.057,1.054,0.087,0.085,0.088,0.086,0.085,0.088,0.086,0.086,0.086,0.086,0.086,0.087,0.087,0.086,0.088
,14:29:16,28.1,0.086,0.085,0.086,0.087,0.086,0.085,0.085,0.085,0.086,0.087,0.088,0.087,0.086,0.161,0.17,0.181,0.428,0.46,0.428,1.058,1.088,1.008,0.987,0.085,0.086,0.45,0.531,0.466,0.833,0.852,0.838,0.798,0.795,0.821,0.854,0.086,0.085,0.756,0.732,0.767,0.558,0.703,0.531,0.754,0.771,0.932,0.958,0.087,0.085,0.57,0.623,0.614,1.053,1.028,1.014,0.887,0.892,1.06,1.095,0.088,0.085,0.472,0.513,0.839,0.084,0.085,0.088,0.87,0.879,0.079,0.088,0.088,0.085,0.522,0.515,0.511,0.087,0.087,0.086,1.06,1.057,0.087,0.085,0.088,0.086,0.085,0.088,0.086,0.086,0.086,0.086,0.086,0.087,0.087,0.086,0.088
,14:44:16,28,0.086,0.085,0.086,0.087,0.086,0.085,0.085,0.085,0.086,0.087,0.088,0.087,0.086,0.161,0.17,0.181,0.424,0.455,0.414,1.059,1.085,1.004,0.983,0.085,0.086,0.45,0.54,0.475,0.845,0.849,0.837,0.793,0.8,0.828,0.868,0.086,0.085,0.76,0.742,0.766,0.574,0.695,0.547,0.753,0.789,0.93,0.96,0.087,0.085,0.557,0.625,0.614,1.055,1.026,1.015,0.891,0.894,1.061,1.101,0.088,0.085,0.465,0.512,0.837,0.084,0.085,0.088,0.877,0.879,0.079,0.088,0.088,0.085,0.523,0.506,0.512,0.087,0.086,0.086,1.06,1.059,0.087,0.085,0.088,0.086,0.085,0.087,0.086,0.086,0.086,0.086,0.086,0.087,0.087,0.086,0.088
,14:59:16,28.1,0.086,0.085,0.086,0.087,0.086,0.085,0.085,0.085,0.086,0.088,0.088,0.087,0.086,0.16,0.17,0.181,0.431,0.45,0.425,1.063,1.084,1.012,0.987,0.085,0.086,0.456,0.55,0.477,0.85,0.852,0.862,0.804,0.802,0.837,0.882,0.086,0.086,0.765,0.739,0.778,0.574,0.695,0.525,0.759,0.775,0.934,0.972,0.087,0.085,0.556,0.624,0.613,1.057,1.034,1.021,0.895,0.899,1.069,1.099,0.088,0.085,0.473,0.509,0.84,0.084,0.085,0.088,0.884,0.885,0.079,0.088,0.088,0.085,0.521,0.51,0.512,0.087,0.086,0.086,1.059,1.06,0.087,0.085,0.088,0.086,0.085,0.088,0.086,0.086,0.086,0.086,0.086,0.087,0.087,0.086,0.088
,15:14:16,28.1,0.085,0.085,0.086,0.087,0.086,0.085,0.085,0.085,0.086,0.087,0.088,0.087,0.086,0.16,0.17,0.181,0.418,0.444,0.419,1.075,1.1,1.029,1.01,0.085,0.086,0.463,0.55,0.481,0.863,0.853,0.872,0.808,0.812,0.848,0.887,0.086,0.085,0.756,0.745,0.785,0.578,0.673,0.537,0.764,0.783,0.938,0.976,0.087,0.085,0.561,0.623,0.613,1.062,1.035,1.02,0.899,0.908,1.069,1.1,0.088,0.085,0.481,0.509,0.842,0.084,0.085,0.088,0.886,0.887,0.079,0.088,0.088,0.085,0.527,0.511,0.523,0.086,0.086,0.086,1.06,1.059,0.087,0.085,0.088,0.086,0.085,0.088,0.086,0.086,0.086,0.086,0.086,0.087,0.087,0.086,0.088
,15:29:16,28,0.085,0.085,0.086,0.087,0.086,0.085,0.085,0.085,0.086,0.087,0.088,0.087,0.086,0.159,0.17,0.18,0.409,0.438,0.42,1.072,1.096,1.022,1.004,0.085,0.086,0.47,0.55,0.477,0.89,0.881,0.888,0.809,0.813,0.856,0.915,0.086,0.085,0.77,0.756,0.775,0.58,0.667,0.547,0.767,0.788,0.944,0.978,0.087,0.085,0.55,0.627,0.609,1.064,1.041,1.028,0.902,0.904,1.076,1.105,0.088,0.085,0.467,0.517,0.838,0.084,0.085,0.088,0.893,0.888,0.079,0.088,0.088,0.085,0.513,0.504,0.505,0.087,0.087,0.086,1.065,1.063,0.087,0.085,0.088,0.086,0.085,0.088,0.086,0.086,0.086,0.086,0.086,0.087,0.087,0.086,0.088
,15:44:16,28.1,0.086,0.085,0.086,0.087,0.086,0.085,0.085,0.085,0.086,0.088,0.088,0.087,0.086,0.159,0.171,0.181,0.422,0.431,0.415,1.077,1.103,1.019,1.005,0.085,0.086,0.47,0.55,0.48,0.886,0.898,0.906,0.814,0.818,0.874,0.898,0.087,0.086,0.776,0.756,0.784,0.581,0.661,0.553,0.766,0.805,0.95,0.981,0.087,0.085,0.547,0.626,0.614,1.069,1.047,1.034,0.906,0.91,1.081,1.114,0.088,0.085,0.469,0.52,0.837,0.084,0.085,0.088,0.888,0.885,0.079,0.089,0.088,0.085,0.516,0.51,0.508,0.087,0.087,0.086,1.071,1.073,0.087,0.085,0.088,0.086,0.085,0.088,0.087,0.086,0.086,0.086,0.086,0.087,0.087,0.086,0.088
,15:59:16,28,0.086,0.085,0.086,0.087,0.086,0.085,0.085,0.085,0.086,0.087,0.088,0.087,0.086,0.159,0.171,0.181,0.417,0.426,0.419,1.084,1.109,1.026,1.016,0.085,0.086,0.462,0.553,0.482,0.894,0.909,0.917,0.813,0.822,0.904,0.911,0.086,0.085,0.771,0.738,0.786,0.574,0.657,0.558,0.776,0.796,0.962,0.986,0.087,0.085,0.544,0.626,0.618,1.071,1.049,1.031,0.915,0.92,1.083,1.119,0.088,0.085,0.473,0.517,0.841,0.084,0.085,0.088,0.895,0.884,0.079,0.088,0.088,0.085,0.52,0.507,0.511,0.087,0.086,0.086,1.075,1.082,0.087,0.085,0.088,0.086,0.085,0.087,0.086,0.086,0.086,0.086,0.086,0.087,0.087,0.086,0.088
,16:14:16,28.1,0.086,0.085,0.086,0.087,0.086,0.085,0.086,0.085,0.086,0.088,0.088,0.087,0.086,0.159,0.171,0.181,0.414,0.436,0.419,1.083,1.111,1.031,1.022,0.085,0.086,0.48,0.559,0.484,0.89,0.916,0.915,0.816,0.83,0.918,0.924,0.087,0.085,0.778,0.756,0.8,0.584,0.651,0.556,0.777,0.807,0.961,0.994,0.087,0.085,0.546,0.63,0.617,1.075,1.047,1.035,0.919,0.922,1.086,1.128,0.088,0.085,0.482,0.524,0.837,0.084,0.085,0.088,0.897,0.878,0.079,0.089,0.088,0.085,0.516,0.514,0.51,0.087,0.087,0.086,1.078,1.084,0.087,0.085,0.088,0.086,0.085,0.088,0.087,0.086,0.086,0.086,0.086,0.087,0.087,0.086,0.088
,16:29:16,28.1,0.086,0.085,0.086,0.087,0.086,0.085,0.085,0.085,0.086,0.087,0.088,0.087,0.086,0.16,0.172,0.181,0.417,0.438,0.416,1.086,1.109,1.031,1.026,0.085,0.086,0.479,0.555,0.489,0.903,0.934,0.932,0.817,0.828,0.927,0.948,0.086,0.085,0.79,0.756,0.786,0.58,0.647,0.564,0.781,0.801,0.963,0.995,0.087,0.085,0.549,0.637,0.616,1.08,1.054,1.043,0.92,0.923,1.094,1.128,0.088,0.085,0.482,0.527,0.834,0.084,0.085,0.088,0.898,0.881,0.079,0.088,0.088,0.085,0.512,0.513,0.511,0.087,0.087,0.086,1.078,1.084,0.087,0.085,0.088,0.086,0.086,0.088,0.086,0.086,0.086,0.086,0.086,0.087,0.087,0.086,0.088
,16:44:16,28,0.086,0.085,0.086,0.087,0.086,0.085,0.085,0.085,0.086,0.088,0.088,0.087,0.086,0.16,0.173,0.182,0.409,0.434,0.424,1.087,1.114,1.036,1.045,0.085,0.086,0.478,0.562,0.491,0.908,0.948,0.94,0.819,0.834,0.945,0.98,0.086,0.085,0.788,0.767,0.805,0.573,0.654,0.557,0.79,0.811,0.968,1.011,0.087,0.085,0.528,0.623,0.618,1.077,1.055,1.04,0.924,0.927,1.101,1.133,0.088,0.085,0.485,0.521,0.833,0.084,0.085,0.089,0.905,0.882,0.079,0.088,0.088,0.085,0.523,0.508,0.509,0.087,0.087,0.086,1.086,1.088,0.087,0.085,0.088,0.086,0.085,0.088,0.086,0.086,0.086,0.086,0.086,0.087,0.087,0.086,0.088
,16:59:16,28.1,0.086,0.085,0.086,0.087,0.086,0.085,0.085,0.085,0.086,0.088,0.088,0.087,0.086,0.161,0.174,0.182,0.404,0.428,0.405,1.096,1.116,1.036,1.049,0.085,0.086,0.483,0.557,0.483,0.918,0.953,0.952,0.826,0.837,0.944,0.983,0.087,0.085,0.795,0.773,0.807,0.576,0.66,0.567,0.789,0.807,0.975,1.015,0.087,0.085,0.522,0.629,0.621,1.081,1.06,1.047,0.93,0.931,1.103,1.136,0.088,0.085,0.481,0.526,0.833,0.084,0.085,0.089,0.906,0.879,0.079,0.088,0.088,0.085,0.519,0.515,0.503,0.087,0.087,0.086,1.09,1.094,0.087,0.085,0.088,0.086,0.085,0.088,0.086,0.087,0.086,0.086,0.086,0.087,0.087,0.086,0.088
,17:14:16,28.1,0.086,0.085,0.086,0.087,0.086,0.085,0.085,0.085,0.086,0.087,0.088,0.087,0.086,0.162,0.176,0.183,0.407,0.437,0.421,1.099,1.119,1.056,1.07,0.085,0.086,0.478,0.548,0.486,0.928,0.968,0.962,0.833,0.842,0.963,0.99,0.086,0.085,0.793,0.772,0.824,0.55,0.651,0.547,0.799,0.811,0.976,1.024,0.087,0.085,0.517,0.622,0.614,1.088,1.061,1.053,0.928,0.934,1.107,1.141,0.088,0.085,0.491,0.522,0.819,0.084,0.085,0.089,0.913,0.892,0.079,0.088,0.088,0.085,0.518,0.511,0.516,0.087,0.087,0.086,1.091,1.095,0.087,0.085,0.088,0.086,0.086,0.088,0.086,0.086,0.086,0.086,0.086,0.087,0.087,0.086,0.088
,17:29:16,28.1,0.086,0.085,0.086,0.087,0.086,0.085,0.085,0.085,0.086,0.088,0.088,0.087,0.086,0.162,0.176,0.184,0.397,0.439,0.417,1.105,1.123,1.059,1.074,0.085,0.086,0.494,0.554,0.483,0.93,0.964,0.961,0.836,0.847,0.97,1.012,0.086,0.085,0.795,0.783,0.821,0.552,0.652,0.546,0.794,0.82,0.986,1.02,0.087,0.085,0.502,0.632,0.616,1.089,1.063,1.05,0.937,0.941,1.108,1.139,0.088,0.085,0.481,0.526,0.822,0.084,0.085,0.089,0.912,0.9,0.079,0.088,0.088,0.085,0.512,0.508,0.505,0.087,0.086,0.086,1.089,1.096,0.087,0.085,0.088,0.086,0.085,0.088,0.086,0.086,0.086,0.086,0.086,0.087,0.087,0.086,0.088
,17:44:16,28.1,0.086,0.085,0.086,0.087,0.086,0.085,0.086,0.085,0.086,0.088,0.088,0.087,0.086,0.164,0.177,0.183,0.397,0.431,0.4,1.103,1.121,1.056,1.076,0.085,0.086,0.492,0.55,0.484,0.945,0.98,0.967,0.834,0.846,0.978,0.987,0.087,0.085,0.805,0.778,0.817,0.54,0.66,0.546,0.8,0.814,0.985,1.019,0.087,0.085,0.508,0.629,0.623,1.091,1.068,1.059,0.938,0.943,1.11,1.147,0.088,0.085,0.479,0.527,0.813,0.084,0.085,0.09,0.907,0.906,0.079,0.088,0.088,0.085,0.501,0.501,0.5,0.087,0.086,0.086,1.091,1.101,0.087,0.085,0.088,0.086,0.085,0.088,0.086,0.087,0.086,0.086,0.086,0.087,0.087,0.086,0.088
,17:59:16,28.1,0.086,0.085,0.086,0.087,0.086,0.085,0.085,0.085,0.086,0.087,0.088,0.087,0.086,0.165,0.181,0.185,0.388,0.437,0.4,1.101,1.125,1.068,1.088,0.085,0.086,0.491,0.55,0.476,0.949,1.012,0.983,0.839,0.851,0.982,1.002,0.086,0.085,0.802,0.785,0.811,0.531,0.663,0.539,0.812,0.832,0.993,1.034,0.087,0.085,0.503,0.621,0.605,1.095,1.07,1.059,0.942,0.94,1.114,1.141,0.088,0.085,0.481,0.523,0.809,0.084,0.085,0.09,0.918,0.917,0.079,0.088,0.088,0.085,0.496,0.505,0.499,0.087,0.087,0.086,1.098,1.095,0.087,0.085,0.088,0.086,0.085,0.088,0.086,0.086,0.086,0.086,0.086,0.087,0.087,0.086,0.088
,18:14:16,28.1,0.086,0.085,0.086,0.087,0.086,0.085,0.086,0.085,0.086,0.088,0.088,0.087,0.086,0.166,0.184,0.186,0.382,0.423,0.396,1.109,1.126,1.067,1.09,0.085,0.086,0.489,0.547,0.471,0.947,0.997,0.986,0.838,0.856,0.997,1.014,0.086,0.085,0.807,0.775,0.828,0.527,0.661,0.528,0.809,0.829,0.998,1.031,0.087,0.085,0.501,0.615,0.611,1.098,1.074,1.063,0.946,0.948,1.114,1.151,0.088,0.085,0.476,0.519,0.805,0.084,0.085,0.091,0.919,0.93,0.079,0.089,0.088,0.085,0.498,0.504,0.498,0.087,0.087,0.086,1.102,1.107,0.087,0.085,0.088,0.086,0.085,0.088,0.087,0.086,0.086,0.086,0.086,0.087,0.087,0.086,0.088
,18:29:16,28.1,0.086,0.085,0.086,0.087,0.086,0.085,0.085,0.085,0.086,0.088,0.088,0.087,0.086,0.168,0.187,0.189,0.388,0.435,0.408,1.115,1.135,1.074,1.098,0.085,0.086,0.485,0.535,0.471,0.968,0.999,0.987,0.841,0.86,1.008,1.033,0.086,0.085,0.814,0.784,0.841,0.52,0.656,0.519,0.817,0.837,1,1.03,0.087,0.085,0.502,0.611,0.604,1.104,1.077,1.063,0.954,0.958,1.122,1.155,0.088,0.085,0.478,0.517,0.803,0.084,0.085,0.092,0.923,0.93,0.079,0.088,0.088,0.085,0.496,0.503,0.504,0.087,0.086,0.086,1.107,1.112,0.087,0.085,0.088,0.086,0.085,0.088,0.086,0.086,0.086,0.086,0.086,0.087,0.087,0.086,0.088
,18:44:16,28.1,0.086,0.085,0.086,0.087,0.086,0.085,0.085,0.085,0.086,0.087,0.088,0.087,0.086,0.17,0.19,0.19,0.38,0.433,0.397,1.115,1.134,1.084,1.1,0.085,0.086,0.489,0.527,0.465,0.977,1.015,1.007,0.848,0.862,1.01,1.031,0.086,0.085,0.821,0.795,0.839,0.511,0.657,0.513,0.822,0.845,1.011,1.034,0.087,0.085,0.499,0.605,0.596,1.106,1.081,1.07,0.956,0.958,1.124,1.163,0.088,0.085,0.469,0.519,0.794,0.084,0.085,0.092,0.921,0.939,0.079,0.088,0.088,0.085,0.486,0.496,0.494,0.087,0.087,0.086,1.109,1.112,0.087,0.085,0.088,0.086,0.085,0.088,0.086,0.086,0.086,0.086,0.086,0.087,0.087,0.086,0.088
,18:59:16,28.1,0.086,0.085,0.086,0.087,0.086,0.085,0.085,0.085,0.086,0.087,0.088,0.087,0.086,0.173,0.193,0.193,0.375,0.434,0.39,1.116,1.137,1.089,1.107,0.085,0.086,0.482,0.527,0.453,0.984,1.014,1.008,0.856,0.866,1.015,1.049,0.087,0.085,0.822,0.801,0.826,0.508,0.677,0.508,0.82,0.839,1.006,1.042,0.087,0.085,0.497,0.599,0.579,1.108,1.085,1.07,0.955,0.955,1.121,1.16,0.088,0.085,0.464,0.51,0.787,0.084,0.085,0.093,0.935,0.948,0.079,0.088,0.088,0.085,0.479,0.492,0.487,0.087,0.087,0.086,1.107,1.111,0.087,0.085,0.088,0.086,0.085,0.088,0.086,0.086,0.086,0.086,0.086,0.087,0.087,0.086,0.088
,19:14:16,28,0.086,0.085,0.086,0.087,0.086,0.085,0.086,0.085,0.086,0.088,0.088,0.087,0.086,0.178,0.196,0.198,0.378,0.43,0.396,1.12,1.139,1.101,1.118,0.085,0.086,0.48,0.516,0.445,0.997,1.006,1.015,0.855,0.871,1.011,1.036,0.087,0.085,0.827,0.796,0.826,0.506,0.668,0.508,0.826,0.842,1.012,1.047,0.087,0.085,0.497,0.594,0.58,1.109,1.087,1.072,0.961,0.96,1.126,1.159,0.088,0.085,0.463,0.502,0.787,0.084,0.085,0.094,0.938,0.952,0.079,0.089,0.088,0.085,0.488,0.494,0.487,0.087,0.087,0.086,1.11,1.12,0.087,0.085,0.088,0.086,0.085,0.088,0.087,0.086,0.086,0.086,0.086,0.087,0.087,0.086,0.088
,19:29:16,28.1,0.086,0.085,0.086,0.087,0.086,0.085,0.085,0.085,0.086,0.087,0.088,0.087,0.086,0.18,0.202,0.197,0.379,0.43,0.391,1.116,1.138,1.092,1.11,0.085,0.086,0.474,0.512,0.446,0.995,1.004,1.016,0.855,0.869,1.029,1.055,0.086,0.085,0.826,0.812,0.833,0.505,0.672,0.5,0.824,0.862,1.012,1.038,0.087,0.085,0.497,0.588,0.571,1.115,1.089,1.081,0.964,0.967,1.129,1.166,0.088,0.085,0.456,0.501,0.779,0.084,0.085,0.095,0.935,0.944,0.079,0.088,0.088,0.085,0.471,0.485,0.476,0.087,0.087,0.086,1.109,1.116,0.087,0.085,0.088,0.086,0.085,0.088,0.086,0.086,0.086,0.086,0.086,0.087,0.087,0.086,0.088
,19:44:16,28.1,0.086,0.085,0.086,0.087,0.086,0.085,0.085,0.085,0.086,0.088,0.088,0.087,0.086,0.184,0.209,0.203,0.376,0.43,0.389,1.124,1.137,1.104,1.12,0.085,0.086,0.456,0.504,0.433,1.004,1.027,1.025,0.858,0.875,1.028,1.05,0.087,0.085,0.823,0.815,0.844,0.502,0.677,0.494,0.833,0.866,1.022,1.05,0.087,0.085,0.493,0.576,0.564,1.117,1.097,1.078,0.971,0.965,1.129,1.164,0.088,0.085,0.449,0.495,0.773,0.084,0.085,0.097,0.948,0.956,0.079,0.088,0.088,0.085,0.466,0.483,0.47,0.087,0.087,0.086,1.112,1.12,0.087,0.085,0.088,0.086,0.085,0.088,0.087,0.086,0.086,0.086,0.086,0.087,0.087,0.086,0.088
,19:59:16,28.1,0.086,0.085,0.086,0.087,0.086,0.085,0.085,0.085,0.086,0.088,0.088,0.087,0.086,0.188,0.213,0.205,0.376,0.426,0.391,1.128,1.149,1.106,1.127,0.085,0.086,0.463,0.5,0.431,1.01,1.046,1.034,0.861,0.881,1.034,1.055,0.086,0.085,0.834,0.816,0.848,0.498,0.671,0.491,0.831,0.86,1.019,1.051,0.087,0.085,0.494,0.58,0.562,1.123,1.1,1.085,0.971,0.969,1.132,1.174,0.088,0.085,0.445,0.494,0.773,0.085,0.085,0.099,0.946,0.951,0.079,0.088,0.088,0.085,0.464,0.483,0.466,0.087,0.087,0.086,1.116,1.128,0.087,0.085,0.088,0.086,0.086,0.088,0.086,0.086,0.086,0.086,0.086,0.087,0.087,0.086,0.088
,20:14:16,28.1,0.086,0.085,0.086,0.087,0.086,0.085,0.085,0.085,0.086,0.088,0.088,0.087,0.086,0.197,0.22,0.21,0.374,0.419,0.391,1.132,1.148,1.119,1.138,0.085,0.086,0.46,0.495,0.427,1.017,1.033,1.034,0.865,0.883,1.055,1.083,0.087,0.085,0.829,0.817,0.853,0.501,0.664,0.487,0.835,0.858,1.024,1.057,0.087,0.085,0.492,0.573,0.56,1.123,1.099,1.085,0.978,0.974,1.133,1.171,0.088,0.085,0.441,0.484,0.77,0.085,0.085,0.101,0.952,0.957,0.079,0.089,0.088,0.085,0.465,0.486,0.467,0.087,0.087,0.086,1.121,1.13,0.087,0.085,0.088,0.086,0.085,0.088,0.086,0.086,0.086,0.086,0.086,0.087,0.087,0.086,0.088
,20:29:16,28.1,0.086,0.085,0.086,0.087,0.086,0.085,0.085,0.085,0.086,0.088,0.088,0.087,0.086,0.201,0.228,0.216,0.373,0.414,0.388,1.13,1.148,1.121,1.136,0.085,0.086,0.444,0.49,0.424,1.021,1.063,1.038,0.866,0.884,1.058,1.079,0.086,0.085,0.839,0.828,0.874,0.5,0.662,0.489,0.842,0.868,1.028,1.059,0.087,0.085,0.49,0.568,0.556,1.126,1.104,1.091,0.978,0.975,1.132,1.175,0.088,0.085,0.438,0.479,0.762,0.085,0.085,0.104,0.951,0.956,0.079,0.088,0.088,0.085,0.456,0.476,0.458,0.087,0.087,0.086,1.119,1.129,0.087,0.085,0.088,0.086,0.085,0.088,0.086,0.086,0.086,0.086,0.086,0.087,0.087,0.086,0.088
,20:44:16,28.1,0.086,0.085,0.086,0.087,0.086,0.085,0.085,0.085,0.086,0.087,0.088,0.087,0.086,0.215,0.243,0.222,0.371,0.412,0.387,1.134,1.148,1.127,1.139,0.085,0.086,0.441,0.484,0.418,1.031,1.041,1.046,0.866,0.889,1.06,1.085,0.086,0.085,0.844,0.824,0.863,0.497,0.662,0.491,0.839,0.871,1.03,1.065,0.087,0.085,0.487,0.566,0.548,1.129,1.105,1.091,0.983,0.98,1.134,1.171,0.088,0.085,0.436,0.469,0.763,0.085,0.085,0.11,0.958,0.964,0.079,0.089,0.088,0.085,0.456,0.478,0.457,0.087,0.087,0.086,1.119,1.126,0.087,0.085,0.088,0.086,0.086,0.088,0.086,0.086,0.086,0.086,0.086,0.087,0.087,0.086,0.088
,20:59:16,28.1,0.085,0.085,0.086,0.087,0.086,0.085,0.085,0.085,0.086,0.087,0.088,0.087,0.086,0.228,0.251,0.229,0.369,0.41,0.384,1.138,1.151,1.125,1.145,0.085,0.086,0.437,0.482,0.418,1.043,1.04,1.05,0.871,0.891,1.06,1.093,0.086,0.085,0.85,0.832,0.863,0.494,0.661,0.486,0.849,0.862,1.039,1.06,0.087,0.085,0.485,0.567,0.549,1.131,1.107,1.093,0.987,0.983,1.142,1.179,0.088,0.085,0.436,0.469,0.761,0.086,0.085,0.117,0.951,0.954,0.079,0.088,0.088,0.085,0.451,0.471,0.453,0.087,0.087,0.086,1.125,1.134,0.087,0.085,0.087,0.086,0.085,0.088,0.086,0.086,0.086,0.086,0.086,0.087,0.087,0.086,0.088
,21:14:16,28.1,0.086,0.085,0.086,0.087,0.086,0.085,0.085,0.085,0.086,0.087,0.088,0.087,0.086,0.238,0.267,0.236,0.368,0.406,0.381,1.14,1.157,1.135,1.15,0.085,0.086,0.436,0.483,0.421,1.047,1.057,1.046,0.878,0.896,1.07,1.095,0.086,0.085,0.846,0.827,0.872,0.493,0.652,0.479,0.85,0.866,1.043,1.063,0.087,0.085,0.48,0.562,0.551,1.129,1.11,1.1,0.993,0.987,1.144,1.187,0.088,0.085,0.436,0.453,0.758,0.086,0.085,0.124,0.946,0.957,0.079,0.088,0.088,0.085,0.447,0.467,0.451,0.087,0.087,0.086,1.131,1.138,0.087,0.085,0.088,0.086,0.085,0.088,0.086,0.086,0.086,0.086,0.086,0.087,0.087,0.086,0.088
,21:29:16,28.1,0.085,0.085,0.086,0.087,0.086,0.085,0.085,0.085,0.086,0.087,0.088,0.087,0.086,0.257,0.293,0.249,0.37,0.406,0.382,1.145,1.151,1.134,1.149,0.085,0.086,0.431,0.482,0.419,1.061,1.062,1.052,0.88,0.897,1.082,1.094,0.086,0.085,0.852,0.842,0.872,0.488,0.646,0.481,0.852,0.878,1.044,1.063,0.087,0.085,0.476,0.555,0.547,1.136,1.117,1.104,0.998,0.989,1.142,1.181,0.088,0.085,0.433,0.444,0.754,0.087,0.085,0.135,0.951,0.965,0.079,0.088,0.088,0.085,0.444,0.465,0.448,0.087,0.087,0.086,1.125,1.135,0.087,0.085,0.088,0.086,0.085,0.088,0.086,0.086,0.086,0.086,0.086,0.087,0.087,0.086,0.088
,21:44:16,28.1,0.086,0.085,0.086,0.087,0.086,0.085,0.086,0.085,0.086,0.087,0.088,0.087,0.086,0.283,0.305,0.26,0.366,0.401,0.38,1.146,1.163,1.146,1.159,0.085,0.086,0.431,0.477,0.419,1.061,1.058,1.063,0.882,0.901,1.087,1.1,0.086,0.085,0.855,0.838,0.865,0.489,0.635,0.479,0.856,0.878,1.048,1.077,0.087,0.085,0.472,0.554,0.543,1.138,1.117,1.104,1.001,0.99,1.146,1.186,0.088,0.085,0.433,0.441,0.756,0.088,0.085,0.147,0.957,0.968,0.079,0.088,0.088,0.085,0.444,0.468,0.447,0.087,0.086,0.086,1.13,1.143,0.087,0.085,0.088,0.086,0.085,0.088,0.087,0.086,0.086,0.086,0.086,0.087,0.087,0.086,0.088
,21:59:16,28.1,0.086,0.085,0.086,0.087,0.086,0.085,0.086,0.085,0.086,0.087,0.088,0.087,0.086,0.29,0.328,0.27,0.363,0.398,0.379,1.143,1.16,1.147,1.155,0.085,0.086,0.43,0.475,0.414,1.074,1.061,1.061,0.885,0.905,1.092,1.103,0.086,0.085,0.861,0.841,0.873,0.494,0.638,0.482,0.86,0.881,1.052,1.078,0.087,0.085,0.466,0.556,0.543,1.139,1.118,1.102,0.998,0.991,1.151,1.184,0.088,0.085,0.432,0.436,0.757,0.088,0.085,0.157,0.962,0.966,0.079,0.088,0.088,0.085,0.44,0.464,0.446,0.087,0.087,0.086,1.133,1.143,0.087,0.085,0.088,0.086,0.085,0.088,0.087,0.086,0.086,0.086,0.086,0.087,0.087,0.086,0.088
,22:14:16,28.1,0.086,0.085,0.086,0.087,0.086,0.085,0.085,0.085,0.086,0.088,0.088,0.087,0.086,0.306,0.337,0.291,0.362,0.4,0.376,1.153,1.163,1.142,1.159,0.085,0.086,0.427,0.474,0.411,1.079,1.075,1.065,0.889,0.907,1.087,1.1,0.086,0.085,0.858,0.857,0.876,0.494,0.632,0.481,0.857,0.888,1.058,1.074,0.087,0.085,0.461,0.557,0.543,1.137,1.121,1.105,1.005,0.999,1.148,1.194,0.088,0.085,0.43,0.428,0.755,0.089,0.085,0.167,0.964,0.966,0.079,0.088,0.088,0.085,0.434,0.459,0.442,0.087,0.087,0.086,1.132,1.145,0.087,0.085,0.088,0.086,0.085,0.088,0.087,0.086,0.086,0.086,0.086,0.087,0.087,0.086,0.088
,22:29:16,28.1,0.086,0.085,0.086,0.087,0.086,0.085,0.085,0.085,0.086,0.087,0.088,0.087,0.086,0.327,0.362,0.306,0.358,0.396,0.377,1.154,1.162,1.151,1.166,0.085,0.086,0.429,0.471,0.411,1.066,1.065,1.066,0.885,0.908,1.1,1.104,0.086,0.085,0.863,0.835,0.89,0.498,0.632,0.493,0.86,0.886,1.055,1.085,0.087,0.085,0.457,0.559,0.539,1.138,1.121,1.104,1.003,0.999,1.151,1.187,0.088,0.085,0.429,0.419,0.754,0.09,0.085,0.188,0.974,0.983,0.079,0.088,0.088,0.085,0.438,0.464,0.445,0.087,0.087,0.086,1.134,1.143,0.087,0.085,0.088,0.086,0.085,0.088,0.086,0.086,0.086,0.086,0.086,0.087,0.087,0.086,0.088
,22:44:16,28.1,0.086,0.085,0.086,0.087,0.086,0.085,0.085,0.085,0.086,0.087,0.088,0.087,0.086,0.336,0.37,0.318,0.359,0.398,0.378,1.152,1.164,1.146,1.163,0.085,0.086,0.425,0.47,0.413,1.084,1.074,1.072,0.892,0.909,1.089,1.114,0.086,0.085,0.864,0.864,0.882,0.489,0.618,0.477,0.869,0.903,1.061,1.084,0.087,0.085,0.454,0.549,0.54,1.143,1.126,1.109,1.013,1.006,1.153,1.197,0.088,0.085,0.427,0.43,0.749,0.092,0.085,0.212,0.969,0.969,0.079,0.088,0.088,0.085,0.431,0.456,0.441,0.087,0.087,0.086,1.13,1.14,0.087,0.085,0.088,0.086,0.085,0.088,0.086,0.086,0.086,0.086,0.086,0.087,0.087,0.086,0.088
,22:59:16,28,0.086,0.085,0.086,0.087,0.086,0.085,0.085,0.085,0.086,0.087,0.088,0.087,0.086,0.358,0.39,0.328,0.356,0.393,0.377,1.154,1.171,1.153,1.159,0.085,0.086,0.428,0.466,0.407,1.083,1.07,1.071,0.888,0.913,1.104,1.12,0.086,0.085,0.876,0.839,0.908,0.493,0.618,0.481,0.872,0.895,1.067,1.083,0.087,0.085,0.45,0.548,0.538,1.147,1.128,1.11,1.016,1.008,1.161,1.198,0.088,0.085,0.426,0.433,0.751,0.094,0.085,0.235,0.974,0.976,0.079,0.088,0.088,0.085,0.432,0.458,0.442,0.087,0.087,0.086,1.139,1.152,0.087,0.085,0.088,0.086,0.085,0.088,0.086,0.086,0.086,0.086,0.086,0.087,0.087,0.086,0.088
,23:14:16,28.1,0.085,0.085,0.086,0.087,0.086,0.085,0.085,0.085,0.086,0.087,0.088,0.087,0.086,0.39,0.424,0.338,0.354,0.392,0.376,1.161,1.168,1.158,1.176,0.085,0.086,0.423,0.466,0.405,1.098,1.089,1.078,0.903,0.915,1.108,1.11,0.086,0.085,0.871,0.861,0.885,0.492,0.614,0.482,0.872,0.911,1.065,1.093,0.087,0.085,0.443,0.553,0.535,1.145,1.13,1.113,1.014,1.01,1.156,1.199,0.088,0.085,0.422,0.428,0.752,0.096,0.085,0.249,0.977,0.986,0.078,0.088,0.088,0.085,0.428,0.454,0.439,0.086,0.086,0.086,1.133,1.15,0.087,0.085,0.087,0.086,0.085,0.088,0.086,0.086,0.086,0.086,0.086,0.087,0.087,0.086,0.088
,23:29:16,28.1,0.086,0.085,0.086,0.087,0.086,0.085,0.085,0.085,0.086,0.087,0.088,0.087,0.086,0.409,0.435,0.354,0.351,0.389,0.375,1.159,1.173,1.157,1.174,0.085,0.086,0.424,0.463,0.401,1.097,1.091,1.086,0.898,0.919,1.111,1.119,0.086,0.085,0.881,0.878,0.9,0.487,0.609,0.486,0.877,0.908,1.071,1.091,0.087,0.085,0.44,0.548,0.538,1.151,1.131,1.114,1.018,1.013,1.161,1.202,0.088,0.085,0.42,0.434,0.75,0.1,0.085,0.262,0.979,0.988,0.079,0.088,0.088,0.085,0.426,0.453,0.439,0.087,0.087,0.086,1.138,1.157,0.087,0.085,0.088,0.086,0.085,0.088,0.086,0.086,0.086,0.086,0.086,0.087,0.087,0.086,0.088
,23:44:16,28.1,0.086,0.085,0.086,0.087,0.086,0.085,0.085,0.085,0.086,0.087,0.088,0.087,0.086,0.443,0.462,0.375,0.348,0.39,0.376,1.159,1.174,1.165,1.18,0.085,0.086,0.426,0.46,0.401,1.092,1.085,1.086,0.901,0.917,1.12,1.118,0.087,0.085,0.883,0.868,0.893,0.491,0.612,0.488,0.881,0.899,1.071,1.097,0.087,0.085,0.435,0.547,0.534,1.151,1.134,1.117,1.02,1.014,1.165,1.201,0.088,0.085,0.417,0.423,0.752,0.106,0.085,0.278,0.985,0.99,0.079,0.088,0.088,0.085,0.426,0.456,0.442,0.087,0.087,0.086,1.144,1.158,0.087,0.085,0.088,0.086,0.085,0.088,0.086,0.086,0.086,0.086,0.086,0.087,0.087,0.086,0.088
,23:59:16,28.1,0.086,0.085,0.086,0.087,0.086,0.085,0.085,0.085,0.086,0.087,0.088,0.087,0.086,0.45,0.48,0.399,0.348,0.391,0.376,1.167,1.181,1.164,1.184,0.085,0.086,0.421,0.458,0.4,1.1,1.109,1.09,0.902,0.92,1.122,1.116,0.086,0.085,0.885,0.881,0.914,0.488,0.602,0.475,0.881,0.926,1.073,1.094,0.087,0.085,0.432,0.546,0.531,1.151,1.137,1.121,1.024,1.02,1.165,1.208,0.088,0.085,0.414,0.424,0.75,0.112,0.085,0.296,0.983,0.986,0.079,0.088,0.088,0.085,0.421,0.452,0.439,0.087,0.087,0.086,1.141,1.155,0.087,0.085,0.088,0.086,0.086,0.088,0.086,0.086,0.086,0.086,0.086,0.087,0.087,0.086,0.088
,24:14:16,28.1,0.085,0.085,0.086,0.087,0.086,0.085,0.085,0.085,0.086,0.087,0.088,0.087,0.086,0.471,0.498,0.415,0.343,0.389,0.375,1.164,1.174,1.158,1.18,0.085,0.086,0.421,0.453,0.392,1.109,1.097,1.093,0.906,0.923,1.125,1.131,0.086,0.085,0.89,0.887,0.897,0.486,0.607,0.48,0.884,0.92,1.078,1.097,0.087,0.085,0.428,0.54,0.531,1.156,1.139,1.124,1.027,1.021,1.165,1.208,0.088,0.085,0.411,0.424,0.751,0.118,0.085,0.316,0.983,0.991,0.079,0.088,0.088,0.085,0.42,0.451,0.439,0.087,0.086,0.086,1.146,1.156,0.087,0.085,0.088,0.086,0.085,0.087,0.086,0.086,0.086,0.086,0.086,0.087,0.087,0.086,0.088
